left_foot_y,right_foot_y,left_foot_speed,right_foot_speed,left_knee_angle,right_knee_angle,height,width,height_width_ratio,frame,person_name
3308.621063232422,3183.432083129883,0.0,0.0,723.5044097900391,640.6075286865234,2573.3254623413086,174.94139671325684,14.709642832903628,0,devesh
3302.3153686523438,3184.9717712402344,6.305694580078125,1.5396881103515625,716.0794830322266,642.2467803955078,2576.3905906677246,166.07736110687256,15.51319561857555,1,devesh
3299.472427368164,3185.0269317626953,2.8429412841796875,0.0551605224609375,712.8364562988281,639.7746276855469,2572.1291542053223,165.652756690979,15.527234231323803,2,devesh
3298.564682006836,3191.9103240966797,0.907745361328125,6.883392333984375,702.1414947509766,638.3326721191406,2568.8477897644043,174.19969081878662,14.746569168349902,3,devesh
3299.6981048583984,3194.1382598876953,1.1334228515625,2.227935791015625,694.4320678710938,629.718017578125,2569.185848236084,171.61112308502197,14.970975086289844,4,devesh
3305.910186767578,3194.0249633789062,6.2120819091796875,0.1132965087890625,696.4595031738281,630.0222015380859,2575.8237075805664,173.82787227630615,14.818243322257288,5,devesh
3301.944351196289,3194.601058959961,3.9658355712890625,0.5760955810546875,693.9317321777344,647.5055694580078,2578.0472373962402,187.36590385437012,13.759425724543906,6,devesh
3302.0716094970703,3201.4258575439453,0.12725830078125,6.824798583984375,705.1519775390625,657.2179412841797,2580.5886268615723,189.0223503112793,13.652293618251472,7,devesh
3313.831787109375,3217.097625732422,11.760177612304688,15.671768188476562,734.0730285644531,676.5653228759766,2590.71533203125,188.72559070587158,13.727419383568783,8,devesh
3323.086166381836,3216.5755462646484,9.254379272460938,0.5220794677734375,754.7186279296875,680.2562713623047,2599.990825653076,189.16667461395264,13.744444315887472,9,devesh
3328.919219970703,3204.880142211914,5.8330535888671875,11.695404052734375,761.1367034912109,674.0654754638672,2593.696117401123,194.92754459381104,13.305949771264256,10,devesh
3328.008041381836,3181.6783905029297,0.9111785888671875,23.201751708984375,753.0507659912109,653.0101776123047,2591.139507293701,195.9567403793335,13.223018010392332,11,devesh
3326.924285888672,3183.8880157470703,1.0837554931640625,2.209625244140625,742.1971893310547,648.3670806884766,2587.561740875244,196.3461971282959,13.178568155228838,12,devesh
3326.4468383789062,3185.8433532714844,0.477447509765625,1.9553375244140625,706.8120574951172,630.8184814453125,2567.9470825195312,195.92056274414062,13.107083026670873,13,devesh
3323.654022216797,3191.1927795410156,2.792816162109375,5.34942626953125,702.2348785400391,627.1778869628906,2560.4273986816406,198.56011390686035,12.894973458177375,14,devesh
3315.788040161133,3196.7715454101562,7.8659820556640625,5.578765869140625,696.1056518554688,627.2465515136719,2547.9225540161133,189.8021650314331,13.424096366836238,15,devesh
3313.9480590820312,3213.8719940185547,1.8399810791015625,17.100448608398438,695.1253509521484,641.8773651123047,2546.543769836426,165.49774646759033,15.38718093865477,16,devesh
3315.8150482177734,3223.520965576172,1.8669891357421875,9.648971557617188,697.1829986572266,651.7900085449219,2549.4773483276367,157.28825569152832,16.208949213141754,17,devesh
3323.8833618164062,3244.325180053711,8.068313598632812,20.804214477539062,711.1997222900391,673.3078765869141,2558.2007217407227,147.83791065216064,17.30409142320583,18,devesh
3334.888458251953,3259.8568725585938,11.005096435546875,15.531692504882812,720.0501251220703,685.0062561035156,2587.576103210449,154.20942306518555,16.779623785484628,19,devesh
3344.472885131836,3265.0584411621094,9.584426879882812,5.201568603515625,725.7257080078125,688.3275604248047,2611.471996307373,134.95893001556396,19.350123745099406,20,devesh
3354.865493774414,3271.7820739746094,10.392608642578125,6.7236328125,736.5042114257812,695.6744384765625,2625.05916595459,134.99961376190186,19.444938343189584,21,devesh
3354.4210052490234,3274.203872680664,0.444488525390625,2.4217987060546875,735.1583862304688,694.3737030029297,2635.3112983703613,135.40567874908447,19.462339561502176,22,devesh
3364.1990661621094,3282.759246826172,9.778060913085938,8.555374145507812,739.8836517333984,698.5830688476562,2646.459560394287,121.6307544708252,21.7581447382132,23,devesh
3368.5315704345703,3283.9892578125,4.3325042724609375,1.230010986328125,735.7662963867188,688.2687377929688,2650.349807739258,114.87545013427734,23.071507486075372,24,devesh
3378.3274841308594,3281.033248901367,9.795913696289062,2.9560089111328125,739.2073059082031,678.6680603027344,2659.3484115600586,83.32700729370117,31.914603655291522,25,devesh
3385.100326538086,3258.2581329345703,6.7728424072265625,22.775115966796875,747.0240783691406,656.6008758544922,2668.4270095825195,42.10342884063721,63.37790253811867,26,devesh
3389.098663330078,3229.072494506836,3.9983367919921875,29.185638427734375,737.0647430419922,628.9073181152344,2672.300491333008,21.37415885925293,125.0248259559539,27,devesh
3389.809341430664,3210.1290893554688,0.7106781005859375,18.943405151367188,705.2925109863281,610.3596496582031,2670.9470558166504,4.946165084838867,540.0036209878472,28,devesh
3400.001907348633,3212.925338745117,10.19256591796875,2.7962493896484375,691.1631774902344,607.4070739746094,2681.7872428894043,40.573668479919434,66.09674065377313,29,devesh
3401.8553924560547,3212.5064849853516,1.853485107421875,0.418853759765625,696.500244140625,608.3198547363281,2673.5978507995605,103.98701190948486,25.710882558360122,30,devesh
3405.574264526367,3183.745651245117,3.7188720703125,28.760833740234375,705.4156494140625,602.2917938232422,2671.523094177246,115.091872215271,23.212091720780734,31,devesh
3416.048355102539,3140.112533569336,10.474090576171875,43.63311767578125,719.0469360351562,597.4200439453125,2674.145908355713,132.561936378479,20.17280360721897,32,devesh
3419.7010803222656,3109.1951751708984,3.6527252197265625,30.9173583984375,724.8582458496094,588.8408660888672,2668.447780609131,146.66297435760498,18.194420182033916,33,devesh
3423.867645263672,3091.696014404297,4.16656494140625,17.499160766601562,732.8883361816406,571.7566680908203,2665.616340637207,159.8571252822876,16.67499234663493,34,devesh
3432.7098083496094,3075.658493041992,8.8421630859375,16.037521362304688,740.9088134765625,552.2474670410156,2660.485324859619,158.31886768341064,16.80460051154343,35,devesh
3436.343994140625,3079.9051666259766,3.634185791015625,4.246673583984375,745.5221557617188,543.4025573730469,2639.801845550537,157.51819610595703,16.758710490658704,36,devesh
3443.980178833008,3093.9200592041016,7.6361846923828125,14.014892578125,746.9599914550781,547.6311492919922,2626.819496154785,157.18242645263672,16.711915927486437,37,devesh
3448.629684448242,3101.3040161132812,4.649505615234375,7.3839569091796875,751.7896270751953,551.3685607910156,2622.5742530822754,148.69857788085938,17.636848250045407,38,devesh
3457.7536010742188,3106.7232513427734,9.123916625976562,5.4192352294921875,761.6310882568359,558.2688903808594,2627.7084159851074,133.1559705734253,19.734063780009986,39,devesh
3464.0489959716797,3114.4470977783203,6.2953948974609375,7.723846435546875,768.1375122070312,565.9435272216797,2638.7016677856445,117.57718563079834,22.442293150912597,40,devesh
3472.7590942382812,3127.9561614990234,8.710098266601562,13.509063720703125,777.2165679931641,579.056396484375,2645.372543334961,119.30302619934082,22.173557768055822,41,devesh
3476.7068481445312,3144.7581481933594,3.94775390625,16.801986694335938,790.8876800537109,580.15869140625,2652.6727294921875,109.01853561401367,24.33230931374942,42,devesh
3475.6148529052734,3161.041717529297,1.0919952392578125,16.2835693359375,794.4158935546875,565.521240234375,2653.1556701660156,100.03270626068115,26.52288205871388,43,devesh
3473.733901977539,3167.427520751953,1.880950927734375,6.38580322265625,792.8574371337891,548.5139465332031,2653.007411956787,89.46317195892334,29.65474344208257,44,devesh
3468.127670288086,3174.4896697998047,5.606231689453125,7.0621490478515625,804.9954986572266,559.0006256103516,2655.234031677246,83.1954288482666,31.915624072566683,45,devesh
3450.956268310547,3186.8751525878906,17.171401977539062,12.385482788085938,799.7991943359375,575.8946228027344,2648.9633560180664,71.72995090484619,36.92966916333269,46,devesh
3422.0084381103516,3190.3617095947266,28.947830200195312,3.4865570068359375,782.2050476074219,593.9124298095703,2622.535800933838,50.83150863647461,51.59272017065442,47,devesh
3357.308349609375,3198.441925048828,64.70008850097656,8.080215454101562,741.8946075439453,632.1320343017578,2557.112216949463,41.61046028137207,61.45359122821855,48,devesh
3335.1475524902344,3234.8165130615234,22.160797119140625,36.37458801269531,730.2218627929688,667.9383087158203,2535.564250946045,9.158992767333984,276.838765501515,49,devesh
3329.0528869628906,3253.2579803466797,6.09466552734375,18.44146728515625,731.3095092773438,688.7750244140625,2527.059917449951,3.1191301345825195,810.1809826502111,50,devesh
3311.5454864501953,3242.6094818115234,17.507400512695312,10.64849853515625,718.2932281494141,680.0088500976562,2507.288074493408,6.782984733581543,369.64377379182355,51,devesh
3275.141143798828,3235.7615661621094,36.40434265136719,6.8479156494140625,680.4853820800781,672.6935577392578,2468.232936859131,7.228446006774902,341.46107400480895,52,devesh
3225.344696044922,3206.763153076172,49.79644775390625,28.9984130859375,631.4893341064453,641.6972351074219,2412.7636528015137,12.539606094360352,192.4114389754752,53,devesh
3192.81005859375,3203.2516479492188,32.534637451171875,3.511505126953125,598.9441680908203,637.9225158691406,2381.7645263671875,9.143285751342773,260.49328339294266,54,devesh
3146.993179321289,3203.1131744384766,45.81687927246094,0.1384735107421875,552.3204803466797,635.8527374267578,2378.405170440674,13.536100387573242,175.70829872273688,55,devesh
3125.129928588867,3200.3556060791016,21.863250732421875,2.757568359375,537.0769500732422,633.3499145507812,2368.9536666870117,38.611063957214355,61.354270613005994,56,devesh
3120.000457763672,3198.9285278320312,5.1294708251953125,1.4270782470703125,549.4947052001953,646.2380218505859,2367.221260070801,39.90328788757324,59.32396515145323,57,devesh
3138.614501953125,3198.937225341797,18.614044189453125,0.008697509765625,578.2228088378906,645.6449890136719,2366.4831733703613,52.879343032836914,44.75250707825222,58,devesh
3157.170867919922,3195.0503540039062,18.556365966796875,3.886871337890625,601.0956573486328,642.1440124511719,2363.401679992676,62.74618148803711,37.6660638774213,59,devesh
3165.5836486816406,3195.398712158203,8.41278076171875,0.348358154296875,607.3773193359375,642.1435546875,2364.097080230713,61.58193111419678,38.389459983753355,60,devesh
3170.7227325439453,3198.838119506836,5.1390838623046875,3.4394073486328125,605.0765991210938,648.8095092773438,2375.8532524108887,67.2952938079834,35.30489456201818,61,devesh
3173.3553314208984,3199.574203491211,2.632598876953125,0.736083984375,606.9648742675781,660.8811950683594,2386.669406890869,74.32778835296631,32.110055468852394,62,devesh
3175.0515747070312,3207.8491973876953,1.6962432861328125,8.274993896484375,610.5649566650391,693.5158538818359,2396.150722503662,88.34462642669678,27.122767047884324,63,devesh
3180.3140258789062,3213.811569213867,5.262451171875,5.962371826171875,606.5286254882812,698.4375,2400.7533073425293,112.32396125793457,21.373474372307538,64,devesh
3181.0974884033203,3209.051513671875,0.7834625244140625,4.7600555419921875,620.0175476074219,708.9301300048828,2395.7860565185547,136.8074655532837,17.512100285093325,65,devesh
3181.710662841797,3171.4908599853516,0.6131744384765625,37.56065368652344,630.3751373291016,689.6317291259766,2376.462821960449,163.91223907470703,14.498385449284955,66,devesh
3184.010009765625,3148.64501953125,2.299346923828125,22.845840454101562,640.2124786376953,670.5773162841797,2378.572940826416,199.29847240447998,11.934727407238013,67,devesh
3184.5703125,3134.2147064208984,0.560302734375,14.430313110351562,666.38671875,676.8814086914062,2379.2706298828125,232.1162223815918,10.250341856638379,68,devesh
3184.9703979492188,3106.720962524414,0.40008544921875,27.493743896484375,664.0157318115234,655.6125640869141,2386.3675117492676,237.3836088180542,10.05278975928928,69,devesh
3183.5531616210938,3057.960891723633,1.417236328125,48.76007080078125,657.41455078125,598.8555908203125,2386.0043334960938,261.15360260009766,9.136402139356134,70,devesh
3178.5994720458984,3023.6295318603516,4.9536895751953125,34.33135986328125,632.8330993652344,567.3110961914062,2385.299949645996,258.9995527267456,9.209668219630396,71,devesh
3177.09228515625,2988.6023712158203,1.5071868896484375,35.02716064453125,607.0767974853516,528.7058258056641,2391.4805030822754,266.64822578430176,8.968672099910398,72,devesh
3172.3777770996094,2940.2027893066406,4.714508056640625,48.39958190917969,598.3149719238281,499.669189453125,2392.720413208008,261.525936126709,9.149075034946966,73,devesh
3172.155990600586,2904.0726470947266,0.2217864990234375,36.13014221191406,598.8816833496094,463.71917724609375,2392.3954582214355,239.71571445465088,9.980136111076797,74,devesh
3173.506393432617,2874.9559020996094,1.35040283203125,29.116744995117188,601.8887329101562,456.1326599121094,2393.524646759033,235.34401416778564,10.17032302785742,75,devesh
3176.2406158447266,2853.7813568115234,2.734222412109375,21.174545288085938,611.7157745361328,471.2416076660156,2392.5485801696777,217.2588014602661,11.0124356946121,76,devesh
3178.889694213867,2844.4017791748047,2.649078369140625,9.37957763671875,616.109619140625,456.22535705566406,2392.9743003845215,197.7321481704712,12.102100354068181,77,devesh
3182.7841186523438,2847.3401641845703,3.8944244384765625,2.938385009765625,629.4193267822266,479.65232849121094,2386.5800857543945,189.78954792022705,12.574876287484122,78,devesh
3190.4166412353516,2864.7010803222656,7.6325225830078125,17.360916137695312,649.4174194335938,505.52215576171875,2391.2793731689453,183.0699062347412,13.062110656804126,79,devesh
3202.8414916992188,2880.146026611328,12.424850463867188,15.4449462890625,669.8984527587891,517.9511260986328,2399.0323448181152,172.9670763015747,13.869878569464346,80,devesh
3213.0233001708984,2886.9845581054688,10.181808471679688,6.838531494140625,662.7877807617188,517.913818359375,2405.6381607055664,171.02262496948242,14.066198323963468,81,devesh
2809.292221069336,2805.977554321289,0.0,0.0,471.4292907714844,546.2022399902344,1531.992073059082,69.40260887145996,22.07398393187888,0,himmath
2743.4889221191406,2718.8353729248047,65.80329895019531,87.14218139648438,421.28379821777344,420.21400451660156,1444.599952697754,98.75258445739746,14.628477428061279,1,himmath
2725.4640197753906,2709.037628173828,18.02490234375,9.797744750976562,429.22462463378906,396.1182403564453,1429.1360092163086,98.42724323272705,14.519719970589616,2,himmath
2725.4212188720703,2693.471145629883,0.0428009033203125,15.566482543945312,407.8157043457031,378.88641357421875,1431.690330505371,97.85058975219727,14.631391942869941,3,himmath
2730.6861877441406,2682.4312591552734,5.2649688720703125,11.039886474609375,402.2662353515625,366.7002868652344,1426.329460144043,97.33367443084717,14.654018442069706,4,himmath
2728.8954162597656,2681.8627166748047,1.790771484375,0.56854248046875,396.1070251464844,368.0570983886719,1418.151626586914,93.14414978027344,15.22534297572447,5,himmath
2737.84423828125,2686.676788330078,8.948822021484375,4.8140716552734375,416.004638671875,379.94842529296875,1434.4651794433594,104.07533168792725,13.78295083165954,6,himmath
2742.2779083251953,2680.4125213623047,4.4336700439453125,6.2642669677734375,418.590087890625,383.6256408691406,1439.586181640625,109.58926677703857,13.136196855568805,7,himmath
2753.7684631347656,2678.368377685547,11.490554809570312,2.0441436767578125,430.67298889160156,383.29856872558594,1457.3315048217773,117.05975532531738,12.449466520511251,8,himmath
2758.194580078125,2680.744400024414,4.426116943359375,2.3760223388671875,430.6482696533203,382.36541748046875,1464.023094177246,110.34912586212158,13.267192492367412,9,himmath
2763.5838317871094,2681.337432861328,5.389251708984375,0.5930328369140625,435.2753448486328,382.9529571533203,1476.5132904052734,110.24007797241211,13.393616165391094,10,himmath
2765.4318237304688,2682.992935180664,1.847991943359375,1.6555023193359375,434.71275329589844,383.7437438964844,1482.9439544677734,105.63380241394043,14.038536155847687,11,himmath
2767.6842498779297,2686.328659057617,2.2524261474609375,3.335723876953125,441.24847412109375,386.71302795410156,1487.5321197509766,100.1579761505127,14.85185880269369,12,himmath
2769.345016479492,2687.244186401367,1.6607666015625,0.91552734375,439.0058898925781,377.82623291015625,1489.7135925292969,86.0047960281372,17.32128510649481,13,himmath
2770.2413177490234,2688.6904907226562,0.89630126953125,1.4463043212890625,434.9977111816406,373.5138702392578,1489.5944595336914,77.02823638916016,19.338291117143058,14,himmath
2771.1463165283203,2682.8304290771484,0.904998779296875,5.8600616455078125,435.3996276855469,371.02455139160156,1491.0763549804688,69.57693099975586,21.430614049155185,15,himmath
2769.674835205078,2655.724411010742,1.4714813232421875,27.10601806640625,433.67591857910156,356.55555725097656,1490.0448989868164,50.64289569854736,29.422584914107837,16,himmath
2769.7256469726562,2661.9296264648438,0.050811767578125,6.2052154541015625,433.2872772216797,366.7698669433594,1490.1429748535156,39.27359104156494,37.942620863888735,17,himmath
2769.7473907470703,2689.005889892578,0.0217437744140625,27.076263427734375,442.5736999511719,405.5229949951172,1490.6189346313477,23.710899353027344,62.86640217386058,18,himmath
2769.8229217529297,2704.017105102539,0.075531005859375,15.011215209960938,447.0451354980469,421.99951171875,1490.544319152832,11.120309829711914,134.03802070067383,19,himmath
2769.965057373047,2703.105926513672,0.1421356201171875,0.9111785888671875,445.9465026855469,428.4562683105469,1490.910415649414,2.749629020690918,542.2223887041979,20,himmath
2773.2650756835938,2690.1512145996094,3.300018310546875,12.9547119140625,435.9276580810547,418.78807067871094,1494.118995666504,4.47817325592041,333.64474982989776,21,himmath
2774.6170806884766,2682.9549407958984,1.3520050048828125,7.1962738037109375,420.2165222167969,409.11598205566406,1492.7870178222656,1.635589599609375,912.6904561992724,22,himmath
2775.091552734375,2665.331039428711,0.4744720458984375,17.6239013671875,408.43505859375,372.1504211425781,1492.734375,5.108127593994141,292.2273078603354,23,himmath
2778.589096069336,2653.314743041992,3.4975433349609375,12.01629638671875,404.44129943847656,338.55079650878906,1493.5376358032227,0.7321786880493164,2039.8540140280952,24,himmath
2782.06787109375,2639.1751098632812,3.4787750244140625,14.139633178710938,403.58985900878906,313.0622863769531,1492.7299118041992,1.0676908493041992,1398.0918847220548,25,himmath
2782.723846435547,2641.354293823242,0.655975341796875,2.1791839599609375,401.25755310058594,309.5068359375,1491.6965103149414,3.556094169616699,419.47609910333927,26,himmath
2784.711227416992,2647.3397827148438,1.9873809814453125,5.9854888916015625,402.4200439453125,314.61181640625,1493.8888549804688,2.6264190673828125,568.7930283224401,27,himmath
2787.0275115966797,2661.195831298828,2.3162841796875,13.856048583984375,406.4772033691406,330.3790283203125,1495.7525253295898,13.636136054992676,109.6903491793734,28,himmath
2789.673614501953,2673.4469604492188,2.6461029052734375,12.251129150390625,409.2608642578125,342.4816131591797,1502.8041458129883,23.068714141845703,65.14468628691198,29,himmath
2789.5285034179688,2676.690444946289,0.145111083984375,3.2434844970703125,409.7156524658203,345.3419494628906,1505.928840637207,36.02198123931885,41.80583046313538,30,himmath
2789.2220306396484,2679.119338989258,0.3064727783203125,2.42889404296875,415.88836669921875,348.9692687988281,1509.2627334594727,39.99379634857178,37.73742108164158,31,himmath
2788.424835205078,2679.7998046875,0.7971954345703125,0.6804656982421875,423.8218688964844,352.943115234375,1513.355484008789,40.16296863555908,37.68036914156066,32,himmath
2782.5425720214844,2684.916458129883,5.88226318359375,5.1166534423828125,421.4277648925781,356.7036437988281,1510.1206970214844,34.47638511657715,43.801596133562704,33,himmath
2773.553009033203,2684.6656036376953,8.98956298828125,0.2508544921875,426.2157440185547,357.623291015625,1504.6833801269531,20.7017183303833,72.68398478393814,34,himmath
2763.043441772461,2687.553176879883,10.509567260742188,2.8875732421875,430.6196594238281,362.8486633300781,1494.5238876342773,19.10526752471924,78.22575034349016,35,himmath
2756.8672943115234,2688.4840393066406,6.1761474609375,0.9308624267578125,439.81544494628906,369.239501953125,1489.7662353515625,7.870373725891113,189.2878644950098,36,himmath
2741.256637573242,2691.782913208008,15.61065673828125,3.2988739013671875,429.8487854003906,380.3368377685547,1475.6458282470703,7.503576278686523,196.6590027795889,37,himmath
2729.640655517578,2691.3706970214844,11.615982055664062,0.4122161865234375,419.3284606933594,382.74513244628906,1463.9301681518555,5.301761627197266,276.1214613350602,38,himmath
2731.1672973632812,2701.7271423339844,1.526641845703125,10.3564453125,430.74302673339844,402.52464294433594,1464.715919494629,11.32166862487793,129.3727954796435,39,himmath
2735.324249267578,2713.2801818847656,4.156951904296875,11.55303955078125,438.52935791015625,413.27659606933594,1467.8235626220703,19.208908081054688,76.41369079535299,40,himmath
2727.4795532226562,2706.1459350585938,7.844696044921875,7.134246826171875,428.5675048828125,398.89869689941406,1458.5389709472656,29.56948757171631,49.3258115281775,41,himmath
2713.685531616211,2703.782272338867,13.794021606445312,2.3636627197265625,414.82086181640625,390.0434875488281,1444.6624374389648,31.657748222351074,45.63377114797448,42,himmath
2688.278274536133,2697.0604705810547,25.407257080078125,6.7218017578125,386.96434020996094,379.4446563720703,1425.9553527832031,25.641188621520996,55.61190527596601,43,himmath
2663.4434509277344,2692.785415649414,24.834823608398438,4.275054931640625,360.5712890625,371.90208435058594,1419.660530090332,10.387616157531738,136.66855884552302,44,himmath
2646.2390899658203,2687.84912109375,17.204360961914062,4.9362945556640625,342.9407501220703,366.6606903076172,1411.6510391235352,10.383496284484863,135.95141756181297,45,himmath
2644.170455932617,2685.559616088867,2.068634033203125,2.2895050048828125,339.9195098876953,365.5760192871094,1405.7250595092773,3.325381278991699,422.7259798417799,46,himmath
2658.7362670898438,2683.601531982422,14.565811157226562,1.9580841064453125,353.84056091308594,366.5087127685547,1401.1617279052734,1.385951042175293,1010.9749083965526,47,himmath
2659.838333129883,2682.576141357422,1.1020660400390625,1.025390625,353.6016082763672,367.10174560546875,1396.1559677124023,5.315408706665039,262.6620161798188,48,himmath
2668.6026763916016,2682.5196075439453,8.76434326171875,0.0565338134765625,364.0040588378906,375.31150817871094,1394.6197128295898,15.143108367919922,92.09600030229176,49,himmath
2679.4528198242188,2685.5142974853516,10.850143432617188,2.99468994140625,378.23455810546875,384.8011779785156,1398.288230895996,13.116645812988281,106.60410068490162,50,himmath
2685.563278198242,2686.962890625,6.1104583740234375,1.4485931396484375,390.5559539794922,398.5498809814453,1399.9455642700195,22.574071884155273,62.01564216921983,51,himmath
2693.3335876464844,2687.541732788086,7.7703094482421875,0.5788421630859375,406.2327575683594,408.1256103515625,1408.9584732055664,31.08302593231201,45.32887101383844,52,himmath
2693.379364013672,2681.014938354492,0.0457763671875,6.52679443359375,406.96746826171875,410.7911682128906,1411.5458679199219,33.8098669052124,41.749524536055084,53,himmath
2691.8946075439453,2662.4267578125,1.4847564697265625,18.588180541992188,415.1399230957031,407.24853515625,1411.8262481689453,35.01673221588135,40.31861795283774,54,himmath
2688.303909301758,2634.891357421875,3.5906982421875,27.535400390625,419.38682556152344,389.72511291503906,1413.2794189453125,31.266746520996094,45.20071885305604,55,himmath
2686.2357330322266,2609.241943359375,2.06817626953125,25.6494140625,414.3804931640625,365.3931427001953,1416.321144104004,33.21647644042969,42.639114556416885,56,himmath
2684.619827270508,2599.280319213867,1.61590576171875,9.961624145507812,415.20263671875,364.2315673828125,1416.1198425292969,48.25066566467285,29.349229135425617,57,himmath
2684.857635498047,2606.7819213867188,0.2378082275390625,7.5016021728515625,413.6217498779297,382.4517059326172,1417.1563339233398,68.85621070861816,20.58138720296971,58,himmath
2685.0411987304688,2615.749969482422,0.183563232421875,8.968048095703125,412.79502868652344,386.86866760253906,1418.375587463379,88.86939525604248,15.960225490191345,59,himmath
2685.1805877685547,2608.9574432373047,0.1393890380859375,6.7925262451171875,412.43980407714844,380.9111022949219,1418.3157348632812,96.47468090057373,14.70142965619124,60,himmath
2691.5419006347656,2582.977066040039,6.3613128662109375,25.980377197265625,413.6872100830078,353.10630798339844,1423.6847305297852,96.28542423248291,14.786087737353396,61,himmath
2693.0614471435547,2547.338104248047,1.5195465087890625,35.63896179199219,413.57276916503906,315.53077697753906,1422.4296569824219,99.91155624389648,14.236888208508082,62,himmath
2693.279342651367,2528.191452026367,0.2178955078125,19.146652221679688,403.39576721191406,288.35906982421875,1417.2599029541016,104.23471927642822,13.596812202233297,63,himmath
2695.9226989746094,2520.707015991211,2.6433563232421875,7.48443603515625,396.56822204589844,272.95921325683594,1411.9318771362305,109.45228099822998,12.899976722815522,64,himmath
2699.5360565185547,2525.1512145996094,3.6133575439453125,4.4441986083984375,388.08746337890625,268.6761474609375,1409.5563125610352,116.91813468933105,12.05592542428458,65,himmath
2702.84912109375,2538.6685180664062,3.3130645751953125,13.517303466796875,390.1405334472656,274.2084503173828,1409.1619491577148,118.2767915725708,11.914103607495125,66,himmath
2705.8362579345703,2539.375762939453,2.9871368408203125,0.707244873046875,392.72483825683594,275.9321594238281,1405.5734252929688,119.4876480102539,11.763336618462425,67,himmath
2707.1289825439453,2551.242141723633,1.292724609375,11.866378784179688,395.0468444824219,293.82728576660156,1406.6611862182617,125.57179927825928,11.202046911036039,68,himmath
2707.6476287841797,2556.3990783691406,0.518646240234375,5.1569366455078125,398.33839416503906,307.49061584472656,1408.2431030273438,131.57290935516357,10.70313873827916,69,himmath
2707.902145385742,2564.3724060058594,0.2545166015625,7.97332763671875,401.1790466308594,315.164794921875,1409.8014450073242,133.24029922485352,10.580893717659498,70,himmath
2708.119125366211,2572.599105834961,0.21697998046875,8.226699829101562,401.50634765625,319.1258239746094,1410.2608108520508,131.97524070739746,10.685798361063364,71,himmath
2707.4368286132812,2581.974105834961,0.6822967529296875,9.375,417.1641540527344,322.9131317138672,1409.8247909545898,128.8619041442871,10.940586361163842,72,himmath
2701.720504760742,2589.9112701416016,5.7163238525390625,7.937164306640625,437.60948181152344,330.95306396484375,1404.8451232910156,120.86355686187744,11.623397157643383,73,himmath
2684.6200561523438,2595.1192474365234,17.100448608398438,5.207977294921875,434.2694091796875,337.9456329345703,1388.0022811889648,111.95832252502441,12.397490868789365,74,himmath
2655.241012573242,2594.7299194335938,29.379043579101562,0.3893280029296875,409.8097229003906,337.642822265625,1359.5899200439453,100.3705358505249,13.5457074979523,75,himmath
2633.8636779785156,2595.036849975586,21.377334594726562,0.3069305419921875,396.4954376220703,332.2874450683594,1338.6095809936523,88.77515316009521,15.078651326904865,76,himmath
2619.081344604492,2604.356460571289,14.782333374023438,9.319610595703125,393.4757995605469,352.5196838378906,1324.1001892089844,80.13796806335449,16.52275720495176,77,himmath
2632.112045288086,2617.030563354492,13.03070068359375,12.674102783203125,409.9873352050781,379.22035217285156,1337.2986602783203,65.24707317352295,20.49591798120673,78,himmath
2630.9854888916016,2614.185104370117,1.126556396484375,2.845458984375,410.18646240234375,379.71885681152344,1335.6346893310547,64.74843978881836,20.62805982178601,79,himmath
2610.5117797851562,2605.269012451172,20.473709106445312,8.916091918945312,388.34632873535156,370.76499938964844,1315.2666091918945,74.5975112915039,17.631507893771968,80,himmath
2581.490478515625,2604.6524047851562,29.02130126953125,0.616607666015625,355.4750061035156,368.9691925048828,1308.7768936157227,79.22425746917725,16.51990104324943,81,himmath
2551.183319091797,2599.1299438476562,30.307159423828125,5.5224609375,322.7112579345703,359.62120056152344,1300.0282287597656,79.88073348999023,16.274615567002407,82,himmath
2526.5061950683594,2595.6433868408203,24.6771240234375,3.4865570068359375,294.459228515625,351.22100830078125,1291.3161849975586,77.99511909484863,16.556371731764514,83,himmath
2522.980270385742,2594.842300415039,3.5259246826171875,0.80108642578125,277.10105895996094,341.0272979736328,1288.6407852172852,82.23021984100342,15.671133893463278,84,himmath
2535.311737060547,2594.830856323242,12.331466674804688,0.011444091796875,289.4190216064453,340.53565979003906,1281.9847869873047,83.98219585418701,15.264959125540537,85,himmath
2546.989059448242,2593.2588958740234,11.677322387695312,1.57196044921875,299.7880554199219,339.0644073486328,1277.567253112793,84.14093971252441,15.18365800854761,86,himmath
2552.5366973876953,2593.3174896240234,5.547637939453125,0.05859375,303.38218688964844,340.1893615722656,1276.1330795288086,83.05277824401855,15.365326801944947,87,himmath
2554.2800903320312,2593.1481170654297,1.7433929443359375,0.16937255859375,307.8955078125,350.77308654785156,1274.7295761108398,82.86365032196045,15.383459106109548,88,himmath
2556.768035888672,2593.901596069336,2.487945556640625,0.75347900390625,310.08750915527344,355.986328125,1272.0713424682617,79.39046859741211,16.02297309666878,89,himmath
2558.3800506591797,2595.0393676757812,1.6120147705078125,1.1377716064453125,312.3069763183594,370.345458984375,1273.3955383300781,77.56665229797363,16.416791244751767,90,himmath
2562.9581451416016,2593.2833862304688,4.578094482421875,1.7559814453125,329.95445251464844,381.32286071777344,1271.191291809082,81.62150859832764,15.574219511977114,91,himmath
2566.841583251953,2589.9964141845703,3.8834381103515625,3.2869720458984375,333.3007049560547,384.8719024658203,1268.1392669677734,89.71371173858643,14.135400736321769,92,himmath
2568.7527465820312,2570.1502990722656,1.911163330078125,19.846115112304688,335.0660705566406,364.85755920410156,1248.6195373535156,93.33662509918213,13.377594658331574,93,himmath
2572.9264068603516,2543.587646484375,4.1736602783203125,26.562652587890625,340.64414978027344,347.27142333984375,1251.5678787231445,107.6231861114502,11.629165832602945,94,himmath
2573.1051635742188,2524.115753173828,0.1787567138671875,19.471893310546875,342.03369140625,331.0540008544922,1251.932029724121,117.3191785812378,10.671162591350905,95,himmath
2573.1468200683594,2519.8702239990234,0.041656494140625,4.2455291748046875,350.67970275878906,333.0731964111328,1253.9119720458984,123.90260696411133,10.120141962865212,96,himmath
2573.283462524414,2521.026077270508,0.1366424560546875,1.155853271484375,349.80010986328125,331.453857421875,1258.2013320922852,125.23293972015381,10.046888102314522,97,himmath
2573.331756591797,2526.4505767822266,0.0482940673828125,5.42449951171875,349.6394348144531,336.6023254394531,1258.8088989257812,123.76420497894287,10.171025613907945,98,himmath
2573.429946899414,2525.328140258789,0.0981903076171875,1.1224365234375,342.00347900390625,333.85162353515625,1259.0889358520508,111.4429521560669,11.298057988349035,99,himmath
2573.5043334960938,2511.907196044922,0.0743865966796875,13.420944213867188,339.56634521484375,319.7380828857422,1257.8372955322266,93.6269474029541,13.434564838675275,100,himmath
2573.5050201416016,2517.499465942383,0.0006866455078125,5.5922698974609375,339.8133087158203,322.2129821777344,1256.8708419799805,90.3092908859253,13.91740351020588,101,himmath
2572.196044921875,2518.923797607422,1.3089752197265625,1.4243316650390625,337.2871398925781,321.73553466796875,1254.8272705078125,88.59658241271973,14.163382337507166,102,himmath
2571.412811279297,2514.6549224853516,0.783233642578125,4.2688751220703125,336.35765075683594,317.0896911621094,1253.855323791504,88.06679248809814,14.23754957308065,103,himmath
2572.5601959228516,2516.022262573242,1.1473846435546875,1.367340087890625,337.4180603027344,317.97203063964844,1254.964714050293,75.28411388397217,16.66971488811629,104,himmath
2575.2523040771484,2517.678909301758,2.692108154296875,1.656646728515625,333.73878479003906,315.52391052246094,1257.8162384033203,57.91987895965576,21.716485962953332,105,himmath
2571.452178955078,2513.315963745117,3.8001251220703125,4.362945556640625,329.0801239013672,312.2749328613281,1255.9269332885742,51.27323627471924,24.49478567257556,106,himmath
2565.552749633789,2513.4024810791016,5.8994293212890625,0.086517333984375,321.7671203613281,309.6302032470703,1251.9961166381836,47.6118278503418,26.29590530684059,107,himmath
2963.987503051758,2904.569091796875,0.0,0.0,502.70484924316406,486.6240692138672,1650.6690216064453,104.05743598937988,15.863056838868419,0,nagendra
3045.995407104492,3007.642364501953,82.00790405273438,103.07327270507812,506.8597412109375,521.9052886962891,1732.6518630981445,135.4092836380005,12.795665234668615,1,nagendra
3116.0717010498047,3068.6144256591797,70.0762939453125,60.97206115722656,550.1259613037109,531.4512634277344,1803.7708282470703,129.40083503723145,13.939406401265387,2,nagendra
3119.8814392089844,3026.492385864258,3.8097381591796875,42.122039794921875,545.8273315429688,481.885986328125,1808.9580917358398,152.60138511657715,11.854139399546852,3,nagendra
3075.2467346191406,3059.5301055908203,44.63470458984375,33.0377197265625,519.6771240234375,538.1865692138672,1765.3224563598633,147.29666233062744,11.98480962452059,4,nagendra
3091.0526275634766,3059.6692657470703,15.805892944335938,0.13916015625,535.7725524902344,520.3379058837891,1783.4173965454102,143.30695152282715,12.44473752036608,5,nagendra
3148.3069610595703,3113.953857421875,57.25433349609375,54.28459167480469,591.4807891845703,559.4405364990234,1841.7432403564453,149.83604907989502,12.291723197896108,6,nagendra
3171.9376373291016,3088.6074829101562,23.63067626953125,25.34637451171875,606.1276245117188,524.9800872802734,1865.6093215942383,136.9723892211914,13.62033131057923,7,nagendra
3159.437484741211,3083.627243041992,12.500152587890625,4.9802398681640625,586.2423706054688,519.9977874755859,1853.9188385009766,124.54080104827881,14.88603592474322,8,nagendra
3134.2391967773438,3071.5221405029297,25.198287963867188,12.1051025390625,532.8373718261719,500.5238342285156,1830.2812957763672,127.2694444656372,14.381152549703662,9,nagendra
3109.067916870117,3078.544692993164,25.171279907226562,7.022552490234375,491.5594482421875,507.2190856933594,1805.1936721801758,120.41178703308105,14.991835240218053,10,nagendra
3100.414581298828,3082.247772216797,8.653335571289062,3.7030792236328125,458.59954833984375,496.88621520996094,1800.0758743286133,103.26255798339844,17.432028699289166,11,nagendra
3118.1485748291016,3072.9501342773438,17.733993530273438,9.297637939453125,455.79734802246094,490.64964294433594,1819.6078491210938,96.52836799621582,18.850498427492603,12,nagendra
3153.1471252441406,3070.166015625,34.99855041503906,2.78411865234375,505.5052185058594,495.2172088623047,1858.0067825317383,86.17100715637207,21.56185524395771,13,nagendra
3164.871139526367,3067.576446533203,11.724014282226562,2.589569091796875,526.2526702880859,499.2601776123047,1870.1283645629883,67.98215389251709,27.50910728012159,14,nagendra
3165.765151977539,3067.562713623047,0.894012451171875,0.01373291015625,534.517822265625,500.7355499267578,1871.9292068481445,43.686490058898926,42.849155524382375,15,nagendra
3170.032424926758,3077.2620391845703,4.26727294921875,9.699325561523438,542.8335571289062,512.6234436035156,1890.5188751220703,50.02517223358154,37.79135164782058,16,nagendra
3167.2714233398438,3079.6598052978516,2.7610015869140625,2.39776611328125,544.7845458984375,519.1353607177734,1907.168197631836,39.58399772644043,48.18028261854736,17,nagendra
3168.4817504882812,3074.4113159179688,1.2103271484375,5.2484893798828125,549.5654296875,514.5643615722656,1928.5520553588867,14.021472930908203,137.54275780169195,18,nagendra
3166.8479919433594,3067.1580505371094,1.633758544921875,7.253265380859375,561.6167449951172,508.73634338378906,1929.4356536865234,14.556670188903809,132.54649783556164,19,nagendra
3166.9857788085938,3040.620574951172,0.137786865234375,26.5374755859375,563.1301116943359,491.02272033691406,1938.8394927978516,20.831623077392578,93.0719361422187,20,nagendra
3164.374008178711,3037.112274169922,2.6117706298828125,3.50830078125,554.9198913574219,487.7943420410156,1938.6012268066406,38.22173595428467,50.719863407703826,21,nagendra
3164.835433959961,3081.144790649414,0.46142578125,44.03251647949219,549.093017578125,517.4517059326172,1937.8586196899414,37.77775526046753,51.2962881549982,22,nagendra
3171.5169525146484,3077.3739624023438,6.6815185546875,3.7708282470703125,556.2725830078125,515.3009033203125,1949.7517776489258,13.699092864990234,142.32707208166778,23,nagendra
3169.4595336914062,3054.3360900878906,2.0574188232421875,23.037872314453125,554.8448181152344,500.7923126220703,1953.8200378417969,38.51012706756592,50.73522698104384,24,nagendra
3168.2798767089844,3023.008575439453,1.179656982421875,31.3275146484375,553.9839935302734,477.1501922607422,1950.7238388061523,35.122883319854736,55.53996865921941,25,nagendra
3167.3350524902344,3011.6178131103516,0.94482421875,11.390762329101562,544.5110321044922,464.8402404785156,1952.9577255249023,46.87443494796753,41.66360037604213,26,nagendra
3167.1292877197266,2984.740447998047,0.2057647705078125,26.877365112304688,543.7273406982422,433.92494201660156,1953.2720947265625,60.16984462738037,32.462641491311466,27,nagendra
3166.801071166992,2991.6455841064453,0.328216552734375,6.9051361083984375,538.7368011474609,426.8090057373047,1952.4806213378906,76.34491682052612,25.574467857864583,28,nagendra
3164.487991333008,3058.667221069336,2.313079833984375,67.02163696289062,526.8580627441406,471.6565704345703,1949.9053573608398,81.64616346359253,23.882388034440066,29,nagendra
3164.30419921875,3072.670669555664,0.1837921142578125,14.003448486328125,526.6486358642578,489.65240478515625,1948.3305358886719,85.91338634490967,22.677845895479706,30,nagendra
3164.0286254882812,3083.1253051757812,0.27557373046875,10.454635620117188,527.2354888916016,502.5469207763672,1947.0002746582031,103.02618026733398,18.898111815910244,31,nagendra
3164.0171813964844,3080.028305053711,0.011444091796875,3.0970001220703125,540.9258270263672,504.25804138183594,1946.733055114746,104.57029581069946,18.616501368982064,32,nagendra
3163.8546752929688,3079.9864196777344,0.162506103515625,0.0418853759765625,554.42138671875,504.85382080078125,1946.0187149047852,128.37466478347778,15.158900069472615,33,nagendra
3163.700180053711,3076.7932891845703,0.1544952392578125,3.1931304931640625,555.5861663818359,502.342529296875,1948.8966751098633,127.71896123886108,15.259258736570995,34,nagendra
3155.5270385742188,3076.263427734375,8.173141479492188,0.5298614501953125,557.8557586669922,502.55401611328125,1940.430679321289,114.50247287750244,16.94662683309215,35,nagendra
3149.2025756835938,3079.9340057373047,6.324462890625,3.6705780029296875,558.4794616699219,502.47230529785156,1936.2027740478516,96.61057233810425,20.041313566302023,36,nagendra
3138.0514526367188,3080.3883361816406,11.151123046875,0.4543304443359375,557.65869140625,503.17955017089844,1929.9886322021484,77.18466281890869,25.004820410115727,37,nagendra
3094.97314453125,3077.0150756835938,43.07830810546875,3.373260498046875,515.9099578857422,504.6331787109375,1886.9145584106445,80.39455890655518,23.47067493216621,38,nagendra
3124.639892578125,3093.3373260498047,29.666748046875,16.322250366210938,545.6645965576172,541.4016723632812,1923.0746841430664,60.32620668411255,31.877931496885008,39,nagendra
3150.883255004883,3093.1631469726562,26.243362426757812,0.1741790771484375,576.8048858642578,545.1949310302734,1949.0092849731445,50.84676504135132,38.3310380392559,40,nagendra
3161.935501098633,3075.571517944336,11.05224609375,17.591629028320312,584.439697265625,527.0377349853516,1958.5671615600586,18.906097412109375,103.59447107818212,41,nagendra
3172.284622192383,3067.309799194336,10.34912109375,8.26171875,582.1762847900391,518.5805511474609,1963.3726501464844,15.762569904327393,124.55917163656594,42,nagendra
3176.9396209716797,3058.2838439941406,4.654998779296875,9.025955200195312,540.9864807128906,508.1572723388672,1962.6077270507812,63.982980251312256,30.67390295578689,43,nagendra
3197.702865600586,3057.3033142089844,20.76324462890625,0.98052978515625,527.2863006591797,496.3417053222656,1977.810287475586,81.81887626647949,24.173031673448666,44,nagendra
3220.883102416992,3057.312240600586,23.18023681640625,0.0089263916015625,555.5149841308594,491.94488525390625,1999.7446060180664,86.50310754776001,23.11760424229811,45,nagendra
3220.6697845458984,3060.0462341308594,0.21331787109375,2.7339935302734375,563.1452178955078,484.91912841796875,1999.4397354125977,100.07892608642578,19.978629004131488,46,nagendra
3227.951431274414,3063.215789794922,7.281646728515625,3.1695556640625,576.6050720214844,489.6501159667969,2006.7099380493164,122.92909383773804,16.32412535878692,47,nagendra
3231.62841796875,3067.697982788086,3.6769866943359375,4.4821929931640625,583.9897155761719,493.5850524902344,2010.9386444091797,128.91327381134033,15.599158914791907,48,nagendra
3232.6892852783203,3063.3963775634766,1.0608673095703125,4.301605224609375,585.6367492675781,481.1089324951172,2010.5876541137695,129.50589179992676,15.525067054245842,49,nagendra
3236.3319396972656,3018.1663513183594,3.6426544189453125,45.23002624511719,576.778564453125,432.7837371826172,2014.3519592285156,133.40477228164673,15.099549474705274,50,nagendra
3232.929153442383,2980.972366333008,3.4027862548828125,37.19398498535156,577.1585083007812,397.796630859375,2012.3157119750977,159.33132648468018,12.629755594036201,51,nagendra
3231.2454986572266,2995.298538208008,1.68365478515625,14.326171875,572.7854919433594,428.37501525878906,2011.7840194702148,199.34057235717773,10.092195460668727,52,nagendra
3230.199508666992,2982.223892211914,1.045989990234375,13.07464599609375,561.0823059082031,418.55690002441406,2017.573585510254,257.9551649093628,7.821411857441059,53,nagendra
3229.1512298583984,3055.623092651367,1.04827880859375,73.39920043945312,553.8851165771484,483.251953125,2022.0980072021484,291.2751531600952,6.9422262258351,54,nagendra
3228.797149658203,3069.7366333007812,0.3540802001953125,14.113540649414062,550.2996826171875,477.69996643066406,2027.721176147461,345.2629351615906,5.872976707443106,55,nagendra
3229.423828125,3220.4896545410156,0.626678466796875,150.75302124023438,553.9519500732422,593.4638214111328,2032.4574279785156,379.2236924171448,5.359521223539007,56,nagendra
3229.32861328125,3313.8290405273438,0.09521484375,93.33938598632812,555.8530426025391,642.6235198974609,2118.966522216797,412.432701587677,5.137726746835899,57,nagendra
3225.626220703125,3392.8516387939453,3.702392578125,79.02259826660156,544.8500061035156,682.4446105957031,2203.107032775879,433.2394766807556,5.085194566420591,58,nagendra
3225.2208709716797,3446.862258911133,0.4053497314453125,54.0106201171875,536.0726165771484,720.3282165527344,2260.455436706543,444.0683054924011,5.090332745544759,59,nagendra
3224.7452545166016,3493.1151580810547,0.475616455078125,46.252899169921875,528.3119201660156,723.1468963623047,2312.6358032226562,472.48815536499023,4.894590006041906,60,nagendra
3224.637222290039,3558.903121948242,0.1080322265625,65.7879638671875,524.0240478515625,770.2555847167969,2389.6604919433594,486.180682182312,4.9151695645679006,61,nagendra
3224.835662841797,3568.026351928711,0.1984405517578125,9.12322998046875,512.9335784912109,755.4100799560547,2407.4258422851562,495.2961587905884,4.860578463123147,62,nagendra
3232.0065307617188,3579.7867584228516,7.170867919921875,11.760406494140625,484.83489990234375,762.0998382568359,2430.070037841797,511.86416387557983,4.747490075184245,63,nagendra
3237.1927642822266,3588.526382446289,5.1862335205078125,8.7396240234375,460.07652282714844,756.5389251708984,2451.7395401000977,536.8782949447632,4.566657961749684,64,nagendra
3250.499267578125,3589.867172241211,13.306503295898438,1.340789794921875,448.51661682128906,751.7333221435547,2465.8498764038086,558.4599924087524,4.415445886764587,65,nagendra
3257.7108764648438,3590.4947662353516,7.21160888671875,0.627593994140625,455.26268005371094,751.8534851074219,2489.0646743774414,576.577455997467,4.316964960191534,66,nagendra
3279.5809936523438,3594.334030151367,21.8701171875,3.839263916015625,486.6343688964844,753.6586761474609,2510.138740539551,589.5529639720917,4.257698449393897,67,nagendra
3321.6808319091797,3594.711456298828,42.09983825683594,0.3774261474609375,516.0294342041016,735.4536437988281,2525.4226684570312,595.0915539264679,4.243754850483197,68,nagendra
3432.5633239746094,3591.7801666259766,110.88249206542969,2.9312896728515625,588.0699920654297,720.9867095947266,2529.635581970215,611.0969388484955,4.139499678621967,69,nagendra
2677.1731567382812,2735.581512451172,0.0,0.0,507.72216796875,476.0609436035156,1906.9723320007324,167.03857898712158,11.416358685305608,0,naveena
2630.464553833008,2706.1093139648438,46.70860290527344,29.472198486328125,521.4456939697266,524.7493743896484,1896.7228317260742,118.3860969543457,16.021499825756774,1,naveena
2621.276321411133,2692.3729705810547,9.188232421875,13.736343383789062,501.65428161621094,506.1133575439453,1876.603946685791,78.72221231460571,23.838302958079034,2,naveena
2610.936813354492,2687.2769165039062,10.339508056640625,5.0960540771484375,502.7650451660156,517.5885772705078,1869.323616027832,98.91840934753418,18.897631172578397,3,naveena
2622.0133209228516,2693.8648223876953,11.076507568359375,6.5879058837890625,498.11668395996094,524.8853302001953,1873.4514427185059,99.90029096603394,18.75321307477952,4,naveena
2633.361282348633,2698.8180541992188,11.34796142578125,4.9532318115234375,496.0780334472656,526.5907287597656,1880.8253860473633,97.46827840805054,19.29679498568032,5,naveena
2627.530059814453,2698.0167388916016,5.8312225341796875,0.8013153076171875,487.92503356933594,521.0710144042969,1886.8748474121094,99.33799266815186,18.99449341316365,6,naveena
2621.879653930664,2690.5648040771484,5.6504058837890625,7.451934814453125,488.67027282714844,522.2520446777344,1876.0833549499512,97.33637809753418,19.274226056264958,7,naveena
2615.170440673828,2692.2866821289062,6.7092132568359375,1.7218780517578125,494.1998291015625,526.0105133056641,1879.2358589172363,92.72553205490112,20.266649511426632,8,naveena
2619.264907836914,2690.4995727539062,4.0944671630859375,1.787109375,483.0512237548828,511.0846710205078,1873.0722427368164,92.24575996398926,20.30523943288042,9,naveena
2628.178024291992,2696.549835205078,8.913116455078125,6.050262451171875,491.16943359375,518.7153625488281,1875.3785133361816,89.22158002853394,21.019337616935466,10,naveena
2625.0414276123047,2693.334732055664,3.1365966796875,3.2151031494140625,491.94580078125,521.7977142333984,1868.6774826049805,87.17065572738647,21.437001557599807,11,naveena
2622.377700805664,2685.6431579589844,2.663726806640625,7.6915740966796875,500.6879425048828,530.2976989746094,1858.931007385254,85.67076444625854,21.698545815490714,12,naveena
2625.502395629883,2694.7508239746094,3.12469482421875,9.107666015625,495.9711456298828,531.7135620117188,1866.1282539367676,81.76280736923218,22.823681255335693,13,naveena
2632.353515625,2697.6697540283203,6.8511199951171875,2.9189300537109375,498.0878448486328,530.4705047607422,1863.856029510498,80.23851871490479,23.228943646541616,14,naveena
2633.568878173828,2696.418228149414,1.215362548828125,1.25152587890625,496.98326110839844,523.8107299804688,1860.1788711547852,78.7199592590332,23.6303332555565,15,naveena
2618.972625732422,2690.7394409179688,14.59625244140625,5.6787872314453125,489.7480773925781,521.24267578125,1849.6168327331543,80.58014631271362,22.953753714410034,16,naveena
2612.0919799804688,2681.7127990722656,6.880645751953125,9.026641845703125,482.7919006347656,514.5677947998047,1839.4453811645508,86.01676940917969,21.384729905564736,17,naveena
2612.3194885253906,2682.0142364501953,0.227508544921875,0.3014373779296875,482.62229919433594,512.8401947021484,1836.734676361084,79.38763618469238,23.136281222531792,18,naveena
2612.5760650634766,2686.537399291992,0.2565765380859375,4.523162841796875,481.31858825683594,517.3439025878906,1841.1542129516602,78.24932813644409,23.529329347610783,19,naveena
2614.3125915527344,2689.043426513672,1.7365264892578125,2.5060272216796875,482.3895263671875,518.7975311279297,1843.5848808288574,86.11075401306152,21.40946159348712,20,naveena
2617.024612426758,2690.856170654297,2.7120208740234375,1.812744140625,481.3288879394531,520.1671600341797,1845.4751014709473,93.55343341827393,19.726428352660204,21,naveena
2617.5155639648438,2690.4757690429688,0.4909515380859375,0.380401611328125,481.6493225097656,519.2388153076172,1841.561393737793,90.40765285491943,20.369529963276626,22,naveena
2615.2391052246094,2691.298141479492,2.276458740234375,0.8223724365234375,483.22792053222656,520.0282287597656,1838.485450744629,90.31978368759155,20.355290675892157,23,naveena
2610.3085327148438,2691.6348266601562,4.930572509765625,0.3366851806640625,479.01145935058594,520.1548004150391,1836.8419647216797,80.72337627410889,22.754771288113552,24,naveena
2609.0343475341797,2693.1422424316406,1.2741851806640625,1.507415771484375,482.74658203125,521.4079284667969,1838.3282089233398,93.40125560760498,19.682050278279753,25,naveena
2601.4066314697266,2693.268356323242,7.627716064453125,0.1261138916015625,491.3990020751953,531.9644165039062,1835.6300354003906,102.50971555709839,17.906888390280784,26,naveena
2588.9891052246094,2703.8937377929688,12.417526245117188,10.625381469726562,480.0299835205078,544.0992736816406,1841.9734954833984,113.32592725753784,16.25376945998807,27,naveena
2570.112533569336,2705.5821990966797,18.876571655273438,1.6884613037109375,467.413330078125,550.24658203125,1838.3697509765625,95.86481094360352,19.176689891539663,28,naveena
2555.2342987060547,2704.851837158203,14.87823486328125,0.7303619384765625,454.9413299560547,548.994140625,1831.5620040893555,84.27393436431885,21.73343416211537,29,naveena
2545.4383850097656,2704.328842163086,9.795913696289062,0.5229949951171875,444.13238525390625,548.2340240478516,1824.3000984191895,58.106045722961426,31.396046241334428,30,naveena
2545.5564880371094,2700.333480834961,0.11810302734375,3.995361328125,442.8877258300781,543.7811279296875,1816.080722808838,32.23214864730835,56.34376853621565,31,naveena
2547.3683166503906,2699.6248626708984,1.81182861328125,0.7086181640625,444.26170349121094,542.8912353515625,1806.8031692504883,31.111478805541992,58.07512977906522,32,naveena
2550.5264282226562,2699.703826904297,3.158111572265625,0.0789642333984375,447.0215606689453,542.6495361328125,1798.4956169128418,36.496989727020264,49.27791662722637,33,naveena
2557.566604614258,2699.4532012939453,7.0401763916015625,0.2506256103515625,451.41265869140625,542.1677398681641,1791.174430847168,56.55993461608887,31.66860858317994,34,naveena
2565.945510864258,2699.417495727539,8.37890625,0.03570556640625,459.23561096191406,544.3041229248047,1792.5419425964355,39.768104553222656,45.07486496364018,35,naveena
2568.4524536132812,2699.35546875,2.5069427490234375,0.0620269775390625,462.28271484375,556.4252471923828,1793.4209632873535,54.99631404876709,32.60983930117692,36,naveena
2568.274612426758,2695.9984588623047,0.1778411865234375,3.3570098876953125,462.25502014160156,565.5054473876953,1791.4910316467285,59.516072273254395,30.10096202957595,37,naveena
2568.427734375,2694.1124725341797,0.1531219482421875,1.885986328125,462.7052307128906,562.1820831298828,1800.15718460083,63.107314109802246,28.525333552758788,38,naveena
2568.595962524414,2689.991683959961,0.1682281494140625,4.12078857421875,468.40415954589844,564.4443511962891,1809.836311340332,64.71110343933105,27.96794081926168,39,naveena
2568.716583251953,2687.362289428711,0.1206207275390625,2.62939453125,472.04978942871094,561.9772338867188,1817.5333786010742,64.95984077453613,27.979338571801676,40,naveena
2567.8321838378906,2681.469497680664,0.8843994140625,5.892791748046875,476.92840576171875,560.8163452148438,1814.2460632324219,65.60859203338623,27.65256816224934,41,naveena
2567.8138732910156,2663.6952209472656,0.018310546875,17.774276733398438,484.35150146484375,551.4665222167969,1800.8611106872559,66.12331867218018,27.234886978607225,42,naveena
2567.816162109375,2646.987533569336,0.002288818359375,16.707687377929688,491.1170196533203,542.7351379394531,1787.8137016296387,57.372708320617676,31.161396314755514,43,naveena
2574.553756713867,2642.6499938964844,6.7375946044921875,4.3375396728515625,497.1125793457031,547.9465484619141,1786.2977027893066,58.24419021606445,30.66911388351012,44,naveena
2579.1270446777344,2641.248550415039,4.5732879638671875,1.4014434814453125,502.4956512451172,550.4191589355469,1787.1800422668457,56.69743537902832,31.521355954098436,45,naveena
2578.971633911133,2635.6876373291016,0.1554107666015625,5.5609130859375,504.87396240234375,550.5276489257812,1789.573974609375,65.00773429870605,27.528631691521596,46,naveena
2601.492462158203,2637.047653198242,22.520828247070312,1.360015869140625,521.8801116943359,553.165283203125,1791.625156402588,67.45815753936768,26.559058559478437,47,naveena
2592.6681518554688,2638.6168670654297,8.824310302734375,1.5692138671875,502.0573425292969,551.9004821777344,1792.415714263916,53.22708606719971,33.674879590458396,48,naveena
2586.679916381836,2640.321578979492,5.9882354736328125,1.7047119140625,490.8222198486328,552.0478820800781,1793.3674049377441,76.16203308105469,23.546737559239926,49,naveena
2555.4954528808594,2632.345962524414,31.184463500976562,7.975616455078125,454.27024841308594,529.9138641357422,1784.4300842285156,68.58378410339355,26.01825063397488,50,naveena
2548.578414916992,2616.821823120117,6.9170379638671875,15.524139404296875,444.7975158691406,506.55967712402344,1763.6366844177246,87.79565334320068,20.087972664472563,51,naveena
2550.564422607422,2616.632308959961,1.9860076904296875,0.18951416015625,444.02549743652344,506.0808563232422,1760.5498123168945,85.5979585647583,20.56766121338008,52,naveena
2552.2828674316406,2613.6229705810547,1.71844482421875,3.00933837890625,441.38031005859375,489.42832946777344,1749.104347229004,73.47445964813232,23.80561021619524,53,naveena
2553.5316467285156,2615.5892944335938,1.248779296875,1.9663238525390625,443.20335388183594,492.7500915527344,1747.2443962097168,50.8860969543457,34.33638067736498,54,naveena
2559.762954711914,2624.3399047851562,6.2313079833984375,8.7506103515625,448.08746337890625,501.7339324951172,1753.0752754211426,61.444430351257324,28.531068892646505,55,naveena
2559.9270629882812,2624.5692443847656,0.1641082763671875,0.229339599609375,448.3641815185547,497.9944610595703,1752.854232788086,58.77166271209717,29.8248195116537,56,naveena
2558.7146759033203,2626.651153564453,1.2123870849609375,2.0819091796875,453.1885528564453,500.8525085449219,1754.6211433410645,77.1421766281128,22.74528954244766,57,naveena
2564.9276733398438,2626.8063354492188,6.2129974365234375,0.155181884765625,461.5960693359375,503.21502685546875,1755.9183311462402,66.53530597686768,26.39077562454917,58,naveena
2569.7731018066406,2628.7266540527344,4.845428466796875,1.920318603515625,475.18638610839844,505.12664794921875,1762.1531867980957,54.87426280975342,32.11256236657613,59,naveena
2569.9562072753906,2631.7721557617188,0.18310546875,3.045501708984375,483.99742126464844,504.1365051269531,1767.425880432129,69.04598236083984,25.597809170060316,60,naveena
2572.7503967285156,2632.071533203125,2.794189453125,0.29937744140625,488.8536071777344,500.6227111816406,1773.643913269043,74.14368152618408,23.921713580444138,61,naveena
2572.302703857422,2633.8062286376953,0.44769287109375,1.7346954345703125,487.87811279296875,500.31715393066406,1788.6084365844727,74.93147850036621,23.86992052446598,62,naveena
2546.2438201904297,2634.4363403320312,26.058883666992188,0.6301116943359375,464.5527648925781,501.36680603027344,1796.8817710876465,82.08061695098877,21.891669895227324,63,naveena
2531.593551635742,2635.623092651367,14.6502685546875,1.1867523193359375,453.33595275878906,503.0946350097656,1804.7999954223633,71.83462142944336,25.124375398776966,64,naveena
2530.414581298828,2635.6407165527344,1.1789703369140625,0.0176239013671875,455.82847595214844,507.39898681640625,1807.9935264587402,60.39836883544922,29.93447606812829,65,naveena
2513.7064361572266,2631.9312286376953,16.708145141601562,3.7094879150390625,441.6297912597656,505.0659942626953,1806.833610534668,58.98975849151611,30.629615322031302,66,naveena
2505.066146850586,2630.935592651367,8.640289306640625,0.995635986328125,435.45684814453125,506.3026428222656,1810.001163482666,43.0964469909668,41.99884885782,67,naveena
2511.9664764404297,2629.229278564453,6.90032958984375,1.7063140869140625,417.43675231933594,504.55535888671875,1810.9703636169434,41.31563186645508,43.83257091336665,68,naveena
2525.85205078125,2628.152847290039,13.885574340820312,1.0764312744140625,417.7301788330078,472.72178649902344,1812.1969413757324,58.94147872924805,30.74569862253016,69,naveena
2524.940185546875,2626.328659057617,0.911865234375,1.824188232421875,422.0539855957031,474.79591369628906,1812.4702835083008,81.55172824859619,22.2247930538431,70,naveena
2525.792999267578,2636.6505432128906,0.852813720703125,10.321884155273438,423.1224060058594,501.5776062011719,1822.218189239502,86.53059482574463,21.058657841299787,71,naveena
2562.8855895996094,2649.2349243164062,37.09259033203125,12.584381103515625,470.7078552246094,533.98681640625,1834.075698852539,88.5234546661377,20.718528278970524,72,naveena
2562.5159454345703,2649.0037536621094,0.3696441650390625,0.231170654296875,473.67759704589844,533.3805084228516,1833.4253883361816,81.0999584197998,22.606983086794873,73,naveena
2569.911117553711,2648.155517578125,7.395172119140625,0.848236083984375,480.1469421386719,532.7584075927734,1832.3086738586426,93.22216987609863,19.655288825543963,74,naveena
2585.607147216797,2647.558822631836,15.696029663085938,0.5966949462890625,495.0940704345703,535.5189514160156,1828.366584777832,103.8147497177124,17.61181903100889,75,naveena
2598.6930084228516,2648.0106353759766,13.085861206054688,0.451812744140625,493.7553405761719,523.7665557861328,1825.1746559143066,110.1932144165039,16.563403341839038,76,naveena
2617.9817962646484,2648.4752655029297,19.288787841796875,0.464630126953125,500.5290985107422,501.6254425048828,1824.7139167785645,113.57395648956299,16.066305807936246,77,naveena
2629.112548828125,2648.6549377441406,11.130752563476562,0.1796722412109375,494.88807678222656,495.5364990234375,1824.9326133728027,133.27879428863525,13.692595458364044,78,naveena
2618.9847564697266,2650.6185150146484,10.127792358398438,1.9635772705078125,489.14794921875,498.2716369628906,1826.8328475952148,147.83456325531006,12.357278347961683,79,naveena
2621.234893798828,2656.7813873291016,2.2501373291015625,6.162872314453125,475.5883026123047,495.7118225097656,1832.9841041564941,147.63500690460205,12.415646821088453,80,naveena
2618.3072662353516,2658.1507873535156,2.9276275634765625,1.3694000244140625,478.7574005126953,499.9754333496094,1836.2139129638672,155.4865837097168,11.809468503031473,81,naveena
2617.217788696289,2658.493423461914,1.0894775390625,0.3426361083984375,482.6023864746094,501.8312072753906,1837.8429222106934,156.75782203674316,11.72409069181832,82,naveena
2605.202865600586,2657.1084594726562,12.014923095703125,1.3849639892578125,475.28228759765625,501.6815185546875,1838.9991188049316,163.212890625,11.26748697215491,83,naveena
2604.441375732422,2648.2168579101562,0.7614898681640625,8.8916015625,480.0434875488281,491.2049102783203,1833.9541053771973,175.26223182678223,10.464057693786291,84,naveena
2601.9461059570312,2640.5875396728516,2.495269775390625,7.6293182373046875,482.45338439941406,484.090576171875,1829.6879196166992,187.44508266448975,9.76119455153529,85,naveena
2601.3109588623047,2641.937255859375,0.6351470947265625,1.3497161865234375,486.68609619140625,493.81187438964844,1833.709487915039,199.58763599395752,9.187490391291345,86,naveena
2594.6644592285156,2652.340850830078,6.6464996337890625,10.403594970703125,480.2641296386719,504.26673889160156,1844.6349906921387,215.84298133850098,8.546189360678099,87,naveena
2597.8111267089844,2658.3201599121094,3.14666748046875,5.97930908203125,482.0960998535156,511.5577697753906,1854.8851776123047,234.63513851165771,7.9054023595027125,88,naveena
2597.812042236328,2676.1473083496094,0.00091552734375,17.8271484375,482.2288513183594,531.976318359375,1875.4554176330566,248.5532283782959,7.54548806253536,89,naveena
2561.9258880615234,2692.7810668945312,35.88615417480469,16.633758544921875,453.1230926513672,551.4724731445312,1891.7847633361816,267.3708772659302,7.075507933702856,90,naveena
2530.0215911865234,2707.3965454101562,31.904296875,14.615478515625,431.6047668457031,566.2392425537109,1907.054843902588,281.571307182312,6.772901908885931,91,naveena
2509.8641967773438,2710.1097106933594,20.157394409179688,2.713165283203125,418.9704895019531,574.9999237060547,1919.4936561584473,298.6492109298706,6.427251725132422,92,naveena
2519.5706176757812,2715.8670043945312,9.7064208984375,5.757293701171875,432.8324890136719,593.2511901855469,1935.1849365234375,313.0730152130127,6.181257542131989,93,naveena
2526.3111877441406,2719.8836517333984,6.740570068359375,4.0166473388671875,439.01893615722656,602.7401733398438,1946.8474388122559,327.2193717956543,5.949670485976134,94,naveena
2529.3873596191406,2730.0718688964844,3.076171875,10.188217163085938,441.42311096191406,611.0318756103516,1957.6432800292969,337.03110694885254,5.808494348642977,95,naveena
2545.605926513672,2749.2819213867188,16.21856689453125,19.210052490234375,454.8161315917969,619.727783203125,1977.6994514465332,351.7151069641113,5.6230153675154355,96,naveena
2558.9051055908203,2767.881317138672,13.299179077148438,18.599395751953125,454.49615478515625,617.0825958251953,1995.0945281982422,368.1745147705078,5.4188827530385515,97,naveena
2566.3936614990234,2784.9158477783203,7.488555908203125,17.034530639648438,457.74627685546875,622.3899078369141,2011.1494445800781,371.50298595428467,5.4135485328980915,98,naveena
2567.8285217285156,2795.9046936035156,1.4348602294921875,10.988845825195312,458.00811767578125,626.0955047607422,2022.1260452270508,379.6903324127197,5.325724340616129,99,naveena
2568.2320404052734,2814.8128509521484,0.4035186767578125,18.908157348632812,458.56407165527344,639.862060546875,2043.3974075317383,374.28544521331787,5.4594626471973475,100,naveena
2568.860092163086,2816.3903045654297,0.6280517578125,1.57745361328125,455.35926818847656,639.2692565917969,2054.443817138672,374.28261280059814,5.489017514776173,101,naveena
2568.6936950683594,2810.226516723633,0.1663970947265625,6.163787841796875,440.74974060058594,611.2053680419922,2059.837303161621,369.697322845459,5.571685743644606,102,naveena
2557.7254486083984,2813.767318725586,10.968246459960938,3.540802001953125,427.6897430419922,606.1628723144531,2074.7668075561523,361.36088848114014,5.74153671216811,103,naveena
2560.5125427246094,2809.8129272460938,2.7870941162109375,3.9543914794921875,430.2406311035156,605.9962463378906,2079.005928039551,362.1672248840332,5.740458509754032,104,naveena
2544.6411895751953,2806.5005493164062,15.871353149414062,3.3123779296875,414.21295166015625,601.373291015625,2081.235294342041,371.3846683502197,5.603988187200592,105,naveena
2516.0902404785156,2805.483627319336,28.550949096679688,1.0169219970703125,386.35894775390625,587.2684478759766,2079.3211555480957,381.3310718536377,5.452797605609699,106,naveena
2512.4546813964844,2804.0615844726562,3.63555908203125,1.4220428466796875,355.9149169921875,562.5258636474609,2080.4685401916504,385.9634828567505,5.390324817241355,107,naveena
2526.526565551758,2803.8917541503906,14.071884155273438,0.169830322265625,363.35472106933594,553.8807678222656,2090.174446105957,386.70802116394043,5.405045490948975,108,naveena
2577.081985473633,2802.7931213378906,50.555419921875,1.0986328125,412.4388885498047,542.3174285888672,2098.348217010498,392.62364387512207,5.344426525871424,109,naveena
2608.1149291992188,2782.5157928466797,31.032943725585938,20.277328491210938,443.62449645996094,530.2093505859375,2085.9031105041504,386.4882516860962,5.39706731421764,110,naveena
2663.766403198242,2781.1083984375,55.65147399902344,1.4073944091796875,488.9556884765625,531.0289764404297,2091.4878273010254,393.40423107147217,5.316383663705569,111,naveena
2721.4682006835938,2786.890182495117,57.70179748535156,5.7817840576171875,529.3668365478516,530.9017181396484,2102.164535522461,405.76037406921387,5.1808029316432895,112,naveena
2788.2227325439453,2786.858367919922,66.75453186035156,0.0318145751953125,586.1224365234375,529.7609710693359,2109.561538696289,408.70312213897705,5.161598785093071,113,naveena
2847.6864624023438,2786.6830444335938,59.46372985839844,0.175323486328125,614.4410705566406,519.9034881591797,2170.73055267334,419.16772842407227,5.178668121313982,114,naveena
2888.8167572021484,2790.1968383789062,41.13029479980469,3.5137939453125,627.1481323242188,504.96002197265625,2215.6594276428223,422.7222776412964,5.241406816801205,115,naveena
2914.0779876708984,2790.1881408691406,25.26123046875,0.008697509765625,636.2262725830078,490.33653259277344,2249.3603324890137,426.5491247177124,5.273391040194085,116,naveena
2937.4964904785156,2789.823989868164,23.418502807617188,0.3641510009765625,642.9039001464844,481.4501953125,2274.8676681518555,426.5699815750122,5.332929569381386,117,naveena
2956.46484375,2790.669479370117,18.968353271484375,0.845489501953125,649.70947265625,473.1035614013672,2294.524326324463,420.8383369445801,5.452270206615295,118,naveena
2976.434783935547,2788.1627655029297,19.969940185546875,2.5067138671875,649.2961120605469,461.39854431152344,2317.8487586975098,429.9993896484375,5.3903536016471,119,naveena
3012.8194427490234,2786.2156677246094,36.38465881347656,1.9470977783203125,670.84716796875,453.3318328857422,2359.31791305542,431.8302869796753,5.4635304289494275,120,naveena
3033.6714935302734,2780.830764770508,20.85205078125,5.3849029541015625,670.1346588134766,450.34423828125,2387.96968460083,432.53774642944336,5.5208353590253925,121,naveena
3028.971176147461,2778.401412963867,4.7003173828125,2.429351806640625,663.7909698486328,448.4033203125,2393.8966941833496,431.795654296875,5.544049993003078,122,naveena
3023.5974884033203,2779.5895385742188,5.373687744140625,1.1881256103515625,664.5597839355469,454.92942810058594,2400.286273956299,429.9159622192383,5.583152255073186,123,naveena
3016.6017150878906,2784.648971557617,6.9957733154296875,5.0594329833984375,666.0472869873047,469.84222412109375,2402.230682373047,427.0337247848511,5.625388682318576,124,naveena
3020.39794921875,2784.928665161133,3.796234130859375,0.279693603515625,674.8748016357422,471.73439025878906,2414.428482055664,426.39952182769775,5.662362077017764,125,naveena
3016.4163208007812,2784.9366760253906,3.98162841796875,0.0080108642578125,674.1082763671875,473.0607604980469,2419.2946815490723,432.0100164413452,5.600089325423186,126,naveena
3016.1840057373047,2797.202911376953,0.2323150634765625,12.2662353515625,674.6999359130859,480.44334411621094,2424.315719604492,447.32165336608887,5.419625232450859,127,naveena
3015.805892944336,2829.2527770996094,0.37811279296875,32.04986572265625,675.2554321289062,510.1148986816406,2426.560764312744,459.55432891845703,5.2802478654124725,128,naveena
3014.4234466552734,2879.3749237060547,1.3824462890625,50.12214660644531,675.582275390625,550.2426910400391,2426.919822692871,472.32954025268555,5.138191910238187,129,naveena
3011.930694580078,2950.126190185547,2.4927520751953125,70.75126647949219,673.73291015625,605.3256225585938,2425.7390785217285,481.9503450393677,5.03317220018503,130,naveena
3000.537872314453,3022.9515838623047,11.392822265625,72.82539367675781,663.1079864501953,669.6947479248047,2440.0367546081543,491.50381565093994,4.964430950300168,131,naveena
2971.0716247558594,3082.6675415039062,29.46624755859375,59.71595764160156,636.9264221191406,722.3233795166016,2508.321590423584,499.4138431549072,5.022531162888806,132,naveena
2951.3369750976562,3129.3154907226562,19.734649658203125,46.64794921875,621.4459991455078,761.3200378417969,2566.597366333008,507.80911445617676,5.054256202316553,133,naveena
2935.92041015625,3188.7915802001953,15.41656494140625,59.47608947753906,605.8662414550781,806.8226623535156,2639.4776344299316,514.9296712875366,5.125899286071724,134,naveena
2918.78173828125,3222.0531463623047,17.138671875,33.261566162109375,588.1409454345703,826.5280151367188,2687.394218444824,520.5130004882812,5.162972329075051,135,naveena
2925.4850006103516,3255.4454040527344,6.7032623291015625,33.39225769042969,588.2574462890625,836.4063262939453,2732.5659942626953,529.067530632019,5.164871847263804,136,naveena
2927.3826599121094,3281.978073120117,1.8976593017578125,26.532669067382812,590.4283905029297,844.4810485839844,2766.7189407348633,534.3925952911377,5.177315264309663,137,naveena
2914.611282348633,3295.9989166259766,12.771377563476562,14.020843505859375,577.8030395507812,858.4918212890625,2791.7567253112793,534.582109451294,5.222316040798289,138,naveena
2907.674560546875,3303.9903259277344,6.9367218017578125,7.9914093017578125,581.0753631591797,863.7725830078125,2815.8861351013184,535.2729606628418,5.260654548315567,139,naveena
2873.341827392578,3323.242950439453,34.332733154296875,19.25262451171875,550.9178924560547,882.7933502197266,2853.3190727233887,540.1286172866821,5.282665982515314,140,naveena
2874.5674896240234,3341.4319610595703,1.2256622314453125,18.189010620117188,536.7931365966797,887.3002624511719,2890.0468254089355,543.1272411346436,5.3211229460178755,141,naveena
2881.274642944336,3363.581085205078,6.7071533203125,22.149124145507812,525.296630859375,897.0590972900391,2925.9750652313232,544.1356444358826,5.377289826812846,142,naveena
2898.174591064453,3384.0648651123047,16.899948120117188,20.483779907226562,511.3348388671875,888.9111328125,2957.091464996338,543.0415606498718,5.445423848328497,143,naveena
2899.50439453125,3392.1727752685547,1.329803466796875,8.10791015625,481.7610168457031,863.4855651855469,2974.222755432129,544.7857475280762,5.4594356936234805,144,naveena
2909.466018676758,3412.617416381836,9.961624145507812,20.44464111328125,480.84136962890625,842.8097534179688,2997.8094577789307,544.3978357315063,5.506652049324884,145,naveena
2922.51708984375,3422.5476837158203,13.051071166992188,9.930267333984375,471.0218811035156,824.996337890625,3007.3595809936523,527.2314190864563,5.704059872237053,146,naveena
2832.528533935547,3430.0328063964844,89.98855590820312,7.4851226806640625,362.05810546875,817.7279663085938,3020.065498352051,541.8576765060425,5.573540118183364,147,naveena
2761.299362182617,3433.505859375,71.22917175292969,3.473052978515625,278.8323211669922,812.7939605712891,3033.5436058044434,540.1764464378357,5.6158383539470895,148,naveena
2920.1529693603516,3432.9686737060547,158.85360717773438,0.5371856689453125,426.80419921875,804.6494293212891,3053.4943771362305,531.990065574646,5.7397582675494165,149,naveena
3037.474822998047,3425.6813049316406,117.32185363769531,7.2873687744140625,525.1991271972656,804.4601440429688,3068.977460861206,532.8366351127625,5.759696797521681,150,naveena
3122.0960998535156,3420.1155853271484,84.62127685546875,5.5657196044921875,607.7492523193359,803.9144897460938,3071.8955612182617,534.83966588974,5.743582155799845,151,naveena
3185.7371520996094,3416.3660430908203,63.64105224609375,3.749542236328125,666.0335540771484,803.6650085449219,3078.2859420776367,538.8118672370911,5.713099746415035,152,naveena
3267.5852966308594,3427.137451171875,81.84814453125,10.771408081054688,716.3541412353516,797.515869140625,3101.7184352874756,537.6322317123413,5.7692196492918635,153,naveena
3354.1319274902344,3443.667526245117,86.546630859375,16.530075073242188,778.5969543457031,801.4775848388672,3121.105442047119,537.6630020141602,5.804947393357969,154,naveena
3434.3028259277344,3451.853485107422,80.1708984375,8.185958862304688,829.8440551757812,788.7425994873047,3124.8953533172607,538.3079552650452,5.805032830656692,155,naveena
3514.8179626464844,3463.2511138916016,80.51513671875,11.397628784179688,856.9184875488281,773.1889343261719,3190.168161392212,523.4396553039551,6.094624526564996,156,naveena
3585.348129272461,3468.5533905029297,70.53016662597656,5.302276611328125,887.6847839355469,788.97216796875,3259.4657135009766,506.30317211151123,6.437774624060804,157,naveena
3650.0072479248047,3475.2486419677734,64.65911865234375,6.69525146484375,898.6562347412109,777.78076171875,3328.1774139404297,493.4980273246765,6.744054139350782,158,naveena
3676.6527557373047,3476.451644897461,26.6455078125,1.2030029296875,906.2603759765625,768.6277770996094,3354.1173934936523,477.60838508605957,7.022735567947113,159,naveena
3718.4452056884766,3477.838668823242,41.792449951171875,1.38702392578125,941.2310028076172,774.3830108642578,3394.1687393188477,475.8199739456177,7.133304453727647,160,naveena
3759.1893768310547,3481.0279083251953,40.744171142578125,3.189239501953125,972.5450134277344,782.7957916259766,3434.023962020874,492.44494915008545,6.9734169635563985,161,naveena
3794.7777557373047,3481.150588989258,35.58837890625,0.1226806640625,977.2508239746094,759.1987609863281,3468.665657043457,479.7093915939331,7.230764537500719,162,naveena
3816.8215942382812,3496.559371948242,22.043838500976562,15.408782958984375,982.4988555908203,764.1597747802734,3489.573554992676,497.8594923019409,7.009153403620003,163,naveena
3825.263671875,3501.493377685547,8.44207763671875,4.9340057373046875,954.6723175048828,699.8274993896484,3502.8555965423584,523.4896087646484,6.691356500482476,164,naveena
3817.9678344726562,3505.2046966552734,7.29583740234375,3.7113189697265625,947.1524047851562,667.03125,3513.232641220093,552.8368806838989,6.35491727121022,165,naveena
3805.6727600097656,3511.121063232422,12.295074462890625,5.9163665771484375,959.3112945556641,640.0174713134766,3519.9539852142334,564.098424911499,6.239964215050727,166,naveena
3821.7127990722656,3536.9666290283203,16.0400390625,25.845565795898438,971.4859771728516,637.4082183837891,3550.554943084717,577.0729351043701,6.152697045898642,167,naveena
3822.847366333008,3561.606674194336,1.1345672607421875,24.640045166015625,959.2318725585938,635.2684020996094,3558.0818367004395,595.2720880508423,5.977236138101175,168,naveena
3818.6453247070312,3605.9676361083984,4.2020416259765625,44.3609619140625,957.0011901855469,674.0739440917969,3561.8637084960938,581.4846754074097,6.1254644518370505,169,naveena
3811.2586212158203,3693.06884765625,7.3867034912109375,87.10121154785156,951.5279388427734,757.9744720458984,3566.5592765808105,565.6635904312134,6.305088990900001,170,naveena
3800.4830932617188,3772.214584350586,10.775527954101562,79.14573669433594,927.1904754638672,810.7388305664062,3559.4635677337646,568.9687585830688,6.255991236844134,171,naveena
3799.324722290039,3847.4684143066406,1.1583709716796875,75.25382995605469,901.8104553222656,846.1820983886719,3614.3738079071045,578.5732126235962,6.247046577765633,172,naveena
3794.883499145508,3833.8158416748047,4.44122314453125,13.652572631835938,883.905029296875,811.3435363769531,3608.164415359497,604.0769004821777,5.973021667405986,173,naveena
3794.0462493896484,3845.0006103515625,0.837249755859375,11.184768676757812,880.9913635253906,818.8673400878906,3618.600540161133,612.2840738296509,5.910002717411684,174,naveena
3731.034164428711,3859.413299560547,63.0120849609375,14.412689208984375,825.2188110351562,822.1863555908203,3626.633734703064,574.4090509414673,6.313677907336144,175,naveena
3637.954559326172,4052.747039794922,93.07960510253906,193.333740234375,736.9734191894531,984.9984741210938,3818.0492877960205,521.455807685852,7.321903853636206,176,naveena
3643.0128479003906,4171.1846923828125,5.05828857421875,118.43765258789062,760.7810211181641,1087.0994567871094,3841.70823097229,503.9280652999878,7.62352505349216,177,naveena
3677.7548217773438,4220.292205810547,34.741973876953125,49.107513427734375,796.2027740478516,1087.3784637451172,3862.815284729004,545.841851234436,7.076803062999188,178,naveena
3665.0562286376953,4191.301116943359,12.698593139648438,28.9910888671875,782.0599365234375,1080.2286529541016,3881.2010765075684,498.48236560821533,7.786034861578268,179,naveena
3689.9642944335938,4216.685028076172,24.908065795898438,25.3839111328125,751.981201171875,1112.0047760009766,3908.7933254241943,547.6077318191528,7.137944003162963,180,naveena
3740.507583618164,4365.876159667969,50.54328918457031,149.19113159179688,751.4337158203125,1176.8197631835938,4153.339748382568,624.4279146194458,6.651431896528519,181,naveena
3746.9210815429688,4380.6280517578125,6.4134979248046875,14.75189208984375,762.8034210205078,1152.9105377197266,4182.540721893311,653.8535928726196,6.396754208412114,182,naveena
3746.326675415039,4434.641418457031,0.5944061279296875,54.01336669921875,744.9375915527344,1240.5729675292969,4227.31963634491,668.8255977630615,6.320511132473853,183,naveena
3745.762710571289,4424.298248291016,0.56396484375,10.343170166015625,757.4858093261719,1180.4651641845703,4214.942421913147,593.166446685791,7.105834197910833,184,naveena
3783.4920501708984,4358.408660888672,37.729339599609375,65.88958740234375,776.5596771240234,1207.1125030517578,4112.584104537964,682.1441173553467,6.028907968131918,185,naveena
3830.584259033203,4241.688079833984,47.09220886230469,116.7205810546875,784.7792816162109,1115.2965545654297,4000.6545639038086,648.8225841522217,6.166022363619215,186,naveena
